subjID,eff_e,eff_s,equ_e,equ_s,decision,decision_raw
108,54,57,4,6.67,0,1
108,48,49,8.67,10.22,1,2
108,46,49,5.78,10.22,0,1
108,57,57,3.33,6.67,0,1
108,54,57,4.67,6.67,1,2
108,56,57,5.11,6.67,1,2
108,52,53,6.89,8.44,1,2
108,53,53,6.44,8.44,1,2
108,50,53,4.89,8.44,0,1
108,56,57,3.56,6.67,0,1
108,53,53,4.22,8.44,0,1
108,49,49,5.11,10.22,0,1
108,50,53,6.44,8.44,1,2
108,49,49,8.22,10.22,1,2
108,57,57,4.67,6.67,0,1
108,46,49,8.22,10.22,1,2
108,52,53,4.44,8.44,0,1
108,48,49,5.33,10.22,0,1
109,54,57,4,6.67,1,2
109,48,49,8.67,10.22,0,1
109,46,49,5.78,10.22,0,1
109,57,57,3.33,6.67,0,1
109,54,57,4.67,6.67,0,1
109,56,57,5.11,6.67,0,1
109,52,53,6.89,8.44,1,2
109,53,53,6.44,8.44,0,1
109,50,53,4.89,8.44,1,2
109,56,57,3.56,6.67,0,1
109,53,53,4.22,8.44,0,1
109,49,49,5.11,10.22,0,1
109,50,53,6.44,8.44,0,1
109,49,49,8.22,10.22,0,1
109,57,57,4.67,6.67,0,1
109,46,49,8.22,10.22,0,1
109,52,53,4.44,8.44,1,2
109,48,49,5.33,10.22,0,1
110,54,57,4,6.67,0,1
110,48,49,8.67,10.22,1,2
110,46,49,5.78,10.22,0,1
110,57,57,3.33,6.67,0,1
110,54,57,4.67,6.67,0,1
110,56,57,5.11,6.67,0,1
110,52,53,6.89,8.44,0,1
110,53,53,6.44,8.44,0,1
110,50,53,4.89,8.44,0,1
110,56,57,3.56,6.67,0,1
110,53,53,4.22,8.44,1,2
110,49,49,5.11,10.22,1,2
110,50,53,6.44,8.44,0,1
110,49,49,8.22,10.22,1,2
110,57,57,4.67,6.67,0,1
110,46,49,8.22,10.22,0,1
110,52,53,4.44,8.44,0,1
110,48,49,5.33,10.22,0,1
111,54,57,4,6.67,0,1
111,48,49,8.67,10.22,1,2
111,46,49,5.78,10.22,0,1
111,57,57,3.33,6.67,1,2
111,54,57,4.67,6.67,0,1
111,56,57,5.11,6.67,0,1
111,52,53,6.89,8.44,0,1
111,53,53,6.44,8.44,0,1
111,50,53,4.89,8.44,0,1
111,56,57,3.56,6.67,0,1
111,53,53,4.22,8.44,0,1
111,49,49,5.11,10.22,0,1
111,50,53,6.44,8.44,0,1
111,49,49,8.22,10.22,0,1
111,57,57,4.67,6.67,0,1
111,46,49,8.22,10.22,1,2
111,52,53,4.44,8.44,0,1
111,48,49,5.33,10.22,0,1
112,54,57,4,6.67,0,1
112,48,49,8.67,10.22,0,1
112,46,49,5.78,10.22,1,2
112,57,57,3.33,6.67,0,1
112,54,57,4.67,6.67,0,1
112,56,57,5.11,6.67,0,1
112,52,53,6.89,8.44,0,1
112,53,53,6.44,8.44,0,1
112,50,53,4.89,8.44,0,1
112,56,57,3.56,6.67,0,1
112,53,53,4.22,8.44,0,1
112,49,49,5.11,10.22,0,1
112,50,53,6.44,8.44,0,1
112,49,49,8.22,10.22,0,1
112,57,57,4.67,6.67,0,1
112,46,49,8.22,10.22,0,1
112,52,53,4.44,8.44,0,1
112,48,49,5.33,10.22,0,1
113,46,49,5.78,10.22,0,1
113,52,53,6.89,8.44,0,1
113,54,57,4.67,6.67,0,1
113,52,53,4.44,8.44,0,1
113,50,53,4.89,8.44,0,1
113,48,49,5.33,10.22,0,1
113,50,53,6.44,8.44,0,1
113,57,57,3.33,6.67,0,1
113,46,49,8.22,10.22,0,1
113,49,49,5.11,10.22,0,1
113,57,57,4.67,6.67,1,2
113,54,57,4,6.67,0,1
113,53,53,6.44,8.44,0,1
113,56,57,5.11,6.67,1,2
113,48,49,8.67,10.22,1,2
113,56,57,3.56,6.67,0,1
113,53,53,4.22,8.44,0,1
113,49,49,8.22,10.22,0,1
114,54,57,4,6.67,1,2
114,48,49,8.67,10.22,1,2
114,46,49,5.78,10.22,0,1
114,57,57,3.33,6.67,1,2
114,54,57,4.67,6.67,1,2
114,56,57,5.11,6.67,1,2
114,52,53,6.89,8.44,1,2
114,53,53,6.44,8.44,1,2
114,50,53,4.89,8.44,0,1
114,56,57,3.56,6.67,1,2
114,53,53,4.22,8.44,1,2
114,49,49,5.11,10.22,1,2
114,50,53,6.44,8.44,0,1
114,49,49,8.22,10.22,1,2
114,57,57,4.67,6.67,1,2
114,46,49,8.22,10.22,1,2
114,52,53,4.44,8.44,0,1
114,48,49,5.33,10.22,1,2
115,54,57,4,6.67,0,1
115,48,49,8.67,10.22,0,1
115,46,49,5.78,10.22,1,2
115,57,57,3.33,6.67,0,1
115,54,57,4.67,6.67,0,1
115,56,57,5.11,6.67,0,1
115,52,53,6.89,8.44,0,1
115,53,53,6.44,8.44,0,1
115,50,53,4.89,8.44,0,1
115,56,57,3.56,6.67,0,1
115,53,53,4.22,8.44,0,1
115,49,49,5.11,10.22,0,1
115,50,53,6.44,8.44,0,1
115,49,49,8.22,10.22,0,1
115,57,57,4.67,6.67,1,2
115,46,49,8.22,10.22,1,2
115,52,53,4.44,8.44,1,2
115,48,49,5.33,10.22,0,1
116,53,53,4.22,8.44,0,1
116,54,57,4.67,6.67,0,1
116,49,49,5.11,10.22,0,1
116,57,57,4.67,6.67,0,1
116,48,49,5.33,10.22,0,1
116,54,57,4,6.67,0,1
116,48,49,8.67,10.22,0,1
116,52,53,4.44,8.44,0,1
116,52,53,6.89,8.44,1,2
116,56,57,5.11,6.67,0,1
116,49,49,8.22,10.22,1,2
116,46,49,8.22,10.22,0,1
116,57,57,3.33,6.67,0,1
116,50,53,4.89,8.44,0,1
116,56,57,3.56,6.67,0,1
116,53,53,6.44,8.44,1,2
116,50,53,6.44,8.44,0,1
116,46,49,5.78,10.22,0,1
117,46,49,8.22,10.22,1,2
117,53,53,6.44,8.44,1,2
117,46,49,5.78,10.22,0,1
117,56,57,3.56,6.67,0,1
117,53,53,4.22,8.44,0,1
117,49,49,8.22,10.22,1,2
117,50,53,6.44,8.44,1,2
117,48,49,8.67,10.22,1,2
117,57,57,3.33,6.67,0,1
117,56,57,5.11,6.67,1,2
117,52,53,6.89,8.44,1,2
117,50,53,4.89,8.44,0,1
117,54,57,4,6.67,0,1
117,52,53,4.44,8.44,0,1
117,48,49,5.33,10.22,0,1
117,57,57,4.67,6.67,0,1
117,49,49,5.11,10.22,0,1
117,54,57,4.67,6.67,0,1
118,54,57,4,6.67,0,1
118,48,49,8.67,10.22,0,1
118,46,49,5.78,10.22,1,2
118,57,57,3.33,6.67,0,1
118,54,57,4.67,6.67,1,2
118,56,57,5.11,6.67,0,1
118,52,53,6.89,8.44,0,1
118,53,53,6.44,8.44,0,1
118,50,53,4.89,8.44,0,1
118,56,57,3.56,6.67,1,2
118,53,53,4.22,8.44,0,1
118,49,49,5.11,10.22,0,1
118,50,53,6.44,8.44,0,1
118,49,49,8.22,10.22,0,1
118,57,57,4.67,6.67,1,2
118,46,49,8.22,10.22,0,1
118,52,53,4.44,8.44,0,1
118,48,49,5.33,10.22,0,1
119,54,57,4,6.67,0,1
119,48,49,8.67,10.22,1,2
119,46,49,5.78,10.22,1,2
119,57,57,3.33,6.67,0,1
119,54,57,4.67,6.67,0,1
119,56,57,5.11,6.67,0,1
119,52,53,6.89,8.44,0,1
119,53,53,6.44,8.44,0,1
119,50,53,4.89,8.44,1,2
119,56,57,3.56,6.67,0,1
119,53,53,4.22,8.44,0,1
119,49,49,5.11,10.22,0,1
119,50,53,6.44,8.44,0,1
119,49,49,8.22,10.22,1,2
119,57,57,4.67,6.67,0,1
119,46,49,8.22,10.22,0,1
119,52,53,4.44,8.44,0,1
119,48,49,5.33,10.22,0,1
120,53,53,4.22,8.44,0,1
120,54,57,4.67,6.67,1,2
120,49,49,5.11,10.22,0,1
120,57,57,4.67,6.67,0,1
120,48,49,5.33,10.22,1,2
120,54,57,4,6.67,1,2
120,48,49,8.67,10.22,1,2
120,52,53,4.44,8.44,0,1
120,52,53,6.89,8.44,1,2
120,56,57,5.11,6.67,1,2
120,49,49,8.22,10.22,0,1
120,46,49,8.22,10.22,1,2
120,57,57,3.33,6.67,0,1
120,50,53,4.89,8.44,1,2
120,56,57,3.56,6.67,0,1
120,53,53,6.44,8.44,0,1
120,50,53,6.44,8.44,1,2
120,46,49,5.78,10.22,1,2
121,54,57,4,6.67,0,1
121,48,49,8.67,10.22,1,2
121,46,49,5.78,10.22,0,1
121,57,57,3.33,6.67,0,1
121,54,57,4.67,6.67,1,2
121,56,57,5.11,6.67,1,2
121,52,53,6.89,8.44,1,2
121,53,53,6.44,8.44,0,1
121,50,53,4.89,8.44,0,1
121,56,57,3.56,6.67,0,1
121,53,53,4.22,8.44,0,1
121,49,49,5.11,10.22,0,1
121,50,53,6.44,8.44,1,2
121,49,49,8.22,10.22,1,2
121,57,57,4.67,6.67,0,1
121,46,49,8.22,10.22,1,2
121,52,53,4.44,8.44,0,1
121,48,49,5.33,10.22,0,1
122,53,53,4.22,8.44,0,1
122,54,57,4.67,6.67,1,2
122,49,49,5.11,10.22,0,1
122,57,57,4.67,6.67,0,1
122,48,49,5.33,10.22,0,1
122,54,57,4,6.67,1,2
122,48,49,8.67,10.22,0,1
122,52,53,4.44,8.44,0,1
122,52,53,6.89,8.44,1,2
122,56,57,5.11,6.67,0,1
122,49,49,8.22,10.22,1,2
122,46,49,8.22,10.22,1,2
122,57,57,3.33,6.67,1,2
122,50,53,4.89,8.44,1,2
122,56,57,3.56,6.67,0,1
122,53,53,6.44,8.44,1,2
122,50,53,6.44,8.44,1,2
122,46,49,5.78,10.22,1,2
123,53,53,4.22,8.44,0,1
123,54,57,4.67,6.67,1,2
123,49,49,5.11,10.22,0,1
123,57,57,4.67,6.67,0,1
123,48,49,5.33,10.22,0,1
123,54,57,4,6.67,0,1
123,48,49,8.67,10.22,1,2
123,52,53,4.44,8.44,0,1
123,52,53,6.89,8.44,0,1
123,56,57,5.11,6.67,0,1
123,49,49,8.22,10.22,0,1
123,46,49,8.22,10.22,0,1
123,57,57,3.33,6.67,0,1
123,50,53,4.89,8.44,0,1
123,56,57,3.56,6.67,0,1
123,53,53,6.44,8.44,0,1
123,50,53,6.44,8.44,0,1
123,46,49,5.78,10.22,0,1
124,53,53,4.22,8.44,0,1
124,54,57,4.67,6.67,0,1
124,49,49,5.11,10.22,0,1
124,57,57,4.67,6.67,0,1
124,48,49,5.33,10.22,0,1
124,54,57,4,6.67,0,1
124,48,49,8.67,10.22,0,1
124,52,53,4.44,8.44,0,1
124,52,53,6.89,8.44,0,1
124,56,57,5.11,6.67,0,1
124,49,49,8.22,10.22,0,1
124,46,49,8.22,10.22,0,1
124,57,57,3.33,6.67,0,1
124,50,53,4.89,8.44,0,1
124,56,57,3.56,6.67,0,1
124,53,53,6.44,8.44,0,1
124,50,53,6.44,8.44,0,1
124,46,49,5.78,10.22,0,1
125,54,57,4,6.67,0,1
125,48,49,8.67,10.22,1,2
125,46,49,5.78,10.22,0,1
125,57,57,3.33,6.67,0,1
125,54,57,4.67,6.67,0,1
125,56,57,5.11,6.67,1,2
125,52,53,6.89,8.44,0,1
125,53,53,6.44,8.44,1,2
125,50,53,4.89,8.44,0,1
125,56,57,3.56,6.67,0,1
125,53,53,4.22,8.44,0,1
125,49,49,5.11,10.22,0,1
125,50,53,6.44,8.44,0,1
125,49,49,8.22,10.22,0,1
125,57,57,4.67,6.67,0,1
125,46,49,8.22,10.22,1,2
125,52,53,4.44,8.44,0,1
125,48,49,5.33,10.22,0,1
126,50,53,6.44,8.44,1,2
126,52,53,4.44,8.44,0,1
126,57,57,3.33,6.67,0,1
126,54,57,4.67,6.67,1,2
126,57,57,4.67,6.67,0,1
126,53,53,6.44,8.44,0,1
126,46,49,8.22,10.22,0,1
126,52,53,6.89,8.44,1,2
126,56,57,5.11,6.67,0,1
126,48,49,5.33,10.22,0,1
126,50,53,4.89,8.44,0,1
126,48,49,8.67,10.22,0,1
126,46,49,5.78,10.22,0,1
126,54,57,4,6.67,0,1
126,53,53,4.22,8.44,0,1
126,49,49,5.11,10.22,0,1
126,56,57,3.56,6.67,0,1
126,49,49,8.22,10.22,0,1
127,46,49,5.78,10.22,0,1
127,52,53,6.89,8.44,0,1
127,54,57,4.67,6.67,1,2
127,52,53,4.44,8.44,0,1
127,50,53,4.89,8.44,1,2
127,48,49,5.33,10.22,0,1
127,50,53,6.44,8.44,1,2
127,57,57,3.33,6.67,0,1
127,46,49,8.22,10.22,1,2
127,49,49,5.11,10.22,0,1
127,57,57,4.67,6.67,1,2
127,54,57,4,6.67,0,1
127,53,53,6.44,8.44,1,2
127,56,57,5.11,6.67,1,2
127,48,49,8.67,10.22,1,2
127,56,57,3.56,6.67,0,1
127,53,53,4.22,8.44,0,1
127,49,49,8.22,10.22,1,2
128,53,53,4.22,8.44,0,1
128,56,57,3.56,6.67,0,1
128,49,49,8.22,10.22,1,2
128,49,49,5.11,10.22,0,1
128,50,53,4.89,8.44,0,1
128,46,49,5.78,10.22,0,1
128,56,57,5.11,6.67,1,2
128,48,49,8.67,10.22,1,2
128,48,49,5.33,10.22,0,1
128,52,53,6.89,8.44,0,1
128,57,57,3.33,6.67,0,1
128,50,53,6.44,8.44,1,2
128,57,57,4.67,6.67,1,2
128,54,57,4.67,6.67,1,2
128,52,53,4.44,8.44,0,1
128,53,53,6.44,8.44,1,2
128,46,49,8.22,10.22,1,2
128,54,57,4,6.67,0,1
159,54,57,4,6.67,0,1
159,48,49,8.67,10.22,1,2
159,46,49,5.78,10.22,0,1
159,57,57,3.33,6.67,0,1
159,54,57,4.67,6.67,1,2
159,56,57,5.11,6.67,0,1
159,52,53,6.89,8.44,1,2
159,53,53,6.44,8.44,0,1
159,50,53,4.89,8.44,0,1
159,56,57,3.56,6.67,1,2
159,53,53,4.22,8.44,0,1
159,49,49,5.11,10.22,0,1
159,50,53,6.44,8.44,0,1
159,49,49,8.22,10.22,1,2
159,57,57,4.67,6.67,0,1
159,46,49,8.22,10.22,1,2
159,52,53,4.44,8.44,0,1
159,48,49,5.33,10.22,1,2
130,54,57,4,6.67,0,1
130,48,49,8.67,10.22,1,2
130,46,49,5.78,10.22,0,1
130,57,57,3.33,6.67,1,2
130,54,57,4.67,6.67,1,2
130,56,57,5.11,6.67,1,2
130,52,53,6.89,8.44,1,2
130,53,53,6.44,8.44,0,1
130,50,53,4.89,8.44,0,1
130,56,57,3.56,6.67,0,1
130,53,53,4.22,8.44,0,1
130,49,49,5.11,10.22,0,1
130,50,53,6.44,8.44,1,2
130,49,49,8.22,10.22,1,2
130,57,57,4.67,6.67,0,1
130,46,49,8.22,10.22,0,1
130,52,53,4.44,8.44,0,1
130,48,49,5.33,10.22,0,1
131,50,53,6.44,8.44,0,1
131,52,53,4.44,8.44,0,1
131,57,57,3.33,6.67,1,2
131,54,57,4.67,6.67,1,2
131,57,57,4.67,6.67,0,1
131,53,53,6.44,8.44,0,1
131,46,49,8.22,10.22,0,1
131,52,53,6.89,8.44,0,1
131,56,57,5.11,6.67,0,1
131,48,49,5.33,10.22,0,1
131,50,53,4.89,8.44,0,1
131,48,49,8.67,10.22,0,1
131,46,49,5.78,10.22,0,1
131,54,57,4,6.67,1,2
131,53,53,4.22,8.44,0,1
131,49,49,5.11,10.22,0,1
131,56,57,3.56,6.67,1,2
131,49,49,8.22,10.22,0,1
132,54,57,4,6.67,0,1
132,48,49,8.67,10.22,0,1
132,46,49,5.78,10.22,1,2
132,57,57,3.33,6.67,0,1
132,54,57,4.67,6.67,0,1
132,56,57,5.11,6.67,0,1
132,52,53,6.89,8.44,1,2
132,53,53,6.44,8.44,1,2
132,50,53,4.89,8.44,1,2
132,56,57,3.56,6.67,0,1
132,53,53,4.22,8.44,0,1
132,49,49,5.11,10.22,0,1
132,50,53,6.44,8.44,0,1
132,49,49,8.22,10.22,0,1
132,57,57,4.67,6.67,0,1
132,46,49,8.22,10.22,1,2
132,52,53,4.44,8.44,0,1
132,48,49,5.33,10.22,0,1
133,54,57,4,6.67,0,1
133,48,49,8.67,10.22,1,2
133,46,49,5.78,10.22,1,2
133,57,57,3.33,6.67,0,1
133,54,57,4.67,6.67,1,2
133,56,57,5.11,6.67,1,2
133,52,53,6.89,8.44,1,2
133,53,53,6.44,8.44,0,1
133,50,53,4.89,8.44,1,2
133,56,57,3.56,6.67,1,2
133,53,53,4.22,8.44,0,1
133,49,49,5.11,10.22,0,1
133,50,53,6.44,8.44,1,2
133,49,49,8.22,10.22,0,1
133,57,57,4.67,6.67,0,1
133,46,49,8.22,10.22,1,2
133,52,53,4.44,8.44,1,2
133,48,49,5.33,10.22,1,2
134,54,57,4,6.67,0,1
134,48,49,8.67,10.22,1,2
134,46,49,5.78,10.22,0,1
134,57,57,3.33,6.67,0,1
134,54,57,4.67,6.67,0,1
134,56,57,5.11,6.67,0,1
134,52,53,6.89,8.44,0,1
134,53,53,6.44,8.44,0,1
134,50,53,4.89,8.44,0,1
134,56,57,3.56,6.67,0,1
134,53,53,4.22,8.44,0,1
134,49,49,5.11,10.22,0,1
134,50,53,6.44,8.44,0,1
134,49,49,8.22,10.22,1,2
134,57,57,4.67,6.67,0,1
134,46,49,8.22,10.22,1,2
134,52,53,4.44,8.44,0,1
134,48,49,5.33,10.22,0,1
135,54,57,4,6.67,0,1
135,48,49,8.67,10.22,0,1
135,46,49,5.78,10.22,0,1
135,57,57,3.33,6.67,0,1
135,54,57,4.67,6.67,1,2
135,56,57,5.11,6.67,0,1
135,52,53,6.89,8.44,0,1
135,53,53,6.44,8.44,0,1
135,50,53,4.89,8.44,0,1
135,56,57,3.56,6.67,0,1
135,53,53,4.22,8.44,0,1
135,49,49,5.11,10.22,0,1
135,50,53,6.44,8.44,1,2
135,49,49,8.22,10.22,0,1
135,57,57,4.67,6.67,0,1
135,46,49,8.22,10.22,1,2
135,52,53,4.44,8.44,0,1
135,48,49,5.33,10.22,0,1
136,54,57,4,6.67,0,1
136,48,49,8.67,10.22,0,1
136,46,49,5.78,10.22,0,1
136,57,57,3.33,6.67,0,1
136,54,57,4.67,6.67,0,1
136,56,57,5.11,6.67,0,1
136,52,53,6.89,8.44,0,1
136,53,53,6.44,8.44,0,1
136,50,53,4.89,8.44,0,1
136,56,57,3.56,6.67,0,1
136,53,53,4.22,8.44,0,1
136,49,49,5.11,10.22,0,1
136,50,53,6.44,8.44,1,2
136,49,49,8.22,10.22,0,1
136,57,57,4.67,6.67,0,1
136,46,49,8.22,10.22,0,1
136,52,53,4.44,8.44,0,1
136,48,49,5.33,10.22,0,1
158,46,49,8.22,10.22,0,1
158,53,53,6.44,8.44,0,1
158,46,49,5.78,10.22,0,1
158,56,57,3.56,6.67,0,1
158,53,53,4.22,8.44,0,1
158,49,49,8.22,10.22,0,1
158,50,53,6.44,8.44,1,2
158,48,49,8.67,10.22,1,2
158,57,57,3.33,6.67,0,1
158,56,57,5.11,6.67,0,1
158,52,53,6.89,8.44,0,1
158,50,53,4.89,8.44,0,1
158,54,57,4,6.67,0,1
158,52,53,4.44,8.44,0,1
158,48,49,5.33,10.22,0,1
158,57,57,4.67,6.67,1,2
158,49,49,5.11,10.22,1,2
158,54,57,4.67,6.67,0,1
138,54,57,4,6.67,0,1
138,48,49,8.67,10.22,1,2
138,46,49,5.78,10.22,0,1
138,57,57,3.33,6.67,0,1
138,54,57,4.67,6.67,0,1
138,56,57,5.11,6.67,0,1
138,52,53,6.89,8.44,0,1
138,53,53,6.44,8.44,0,1
138,50,53,4.89,8.44,0,1
138,56,57,3.56,6.67,0,1
138,53,53,4.22,8.44,0,1
138,49,49,5.11,10.22,0,1
138,50,53,6.44,8.44,0,1
138,49,49,8.22,10.22,0,1
138,57,57,4.67,6.67,0,1
138,46,49,8.22,10.22,0,1
138,52,53,4.44,8.44,0,1
138,48,49,5.33,10.22,0,1
139,54,57,4,6.67,0,1
139,48,49,8.67,10.22,1,2
139,46,49,5.78,10.22,1,2
139,57,57,3.33,6.67,0,1
139,54,57,4.67,6.67,1,2
139,56,57,5.11,6.67,0,1
139,52,53,6.89,8.44,1,2
139,53,53,6.44,8.44,1,2
139,50,53,4.89,8.44,1,2
139,56,57,3.56,6.67,0,1
139,53,53,4.22,8.44,0,1
139,49,49,5.11,10.22,0,1
139,50,53,6.44,8.44,1,2
139,49,49,8.22,10.22,1,2
139,57,57,4.67,6.67,0,1
139,46,49,8.22,10.22,1,2
139,52,53,4.44,8.44,1,2
139,48,49,5.33,10.22,0,1
140,54,57,4,6.67,1,2
140,48,49,8.67,10.22,0,1
140,46,49,5.78,10.22,1,2
140,57,57,3.33,6.67,0,1
140,54,57,4.67,6.67,0,1
140,56,57,5.11,6.67,1,2
140,52,53,6.89,8.44,1,2
140,53,53,6.44,8.44,1,2
140,50,53,4.89,8.44,0,1
140,56,57,3.56,6.67,0,1
140,53,53,4.22,8.44,0,1
140,49,49,5.11,10.22,0,1
140,50,53,6.44,8.44,1,2
140,49,49,8.22,10.22,0,1
140,57,57,4.67,6.67,1,2
140,46,49,8.22,10.22,0,1
140,52,53,4.44,8.44,0,1
140,48,49,5.33,10.22,0,1
141,54,57,4,6.67,1,2
141,48,49,8.67,10.22,1,2
141,46,49,5.78,10.22,1,2
141,57,57,3.33,6.67,0,1
141,54,57,4.67,6.67,1,2
141,56,57,5.11,6.67,1,2
141,52,53,6.89,8.44,1,2
141,53,53,6.44,8.44,0,1
141,50,53,4.89,8.44,1,2
141,56,57,3.56,6.67,1,2
141,53,53,4.22,8.44,0,1
141,49,49,5.11,10.22,1,2
141,50,53,6.44,8.44,1,2
141,49,49,8.22,10.22,0,1
141,57,57,4.67,6.67,0,1
141,46,49,8.22,10.22,1,2
141,52,53,4.44,8.44,1,2
141,48,49,5.33,10.22,1,2
142,50,53,6.44,8.44,1,2
142,46,49,5.78,10.22,1,2
142,57,57,4.67,6.67,1,2
142,49,49,8.22,10.22,0,1
142,48,49,5.33,10.22,0,1
142,56,57,3.56,6.67,1,2
142,57,57,3.33,6.67,0,1
142,56,57,5.11,6.67,1,2
142,53,53,4.22,8.44,0,1
142,46,49,8.22,10.22,1,2
142,54,57,4.67,6.67,0,1
142,52,53,4.44,8.44,0,1
142,52,53,6.89,8.44,1,2
142,48,49,8.67,10.22,1,2
142,53,53,6.44,8.44,0,1
142,54,57,4,6.67,1,2
142,50,53,4.89,8.44,0,1
142,49,49,5.11,10.22,0,1
143,46,49,5.78,10.22,0,1
143,52,53,6.89,8.44,1,2
143,54,57,4.67,6.67,0,1
143,52,53,4.44,8.44,0,1
143,50,53,4.89,8.44,0,1
143,48,49,5.33,10.22,0,1
143,50,53,6.44,8.44,1,2
143,57,57,3.33,6.67,0,1
143,46,49,8.22,10.22,0,1
143,49,49,5.11,10.22,0,1
143,57,57,4.67,6.67,0,1
143,54,57,4,6.67,0,1
143,53,53,6.44,8.44,0,1
143,56,57,5.11,6.67,0,1
143,48,49,8.67,10.22,0,1
143,56,57,3.56,6.67,0,1
143,53,53,4.22,8.44,0,1
143,49,49,8.22,10.22,0,1
144,46,49,5.78,10.22,0,1
144,52,53,6.89,8.44,0,1
144,54,57,4.67,6.67,1,2
144,52,53,4.44,8.44,0,1
144,50,53,4.89,8.44,0,1
144,48,49,5.33,10.22,0,1
144,50,53,6.44,8.44,1,2
144,57,57,3.33,6.67,0,1
144,46,49,8.22,10.22,0,1
144,49,49,5.11,10.22,0,1
144,57,57,4.67,6.67,0,1
144,54,57,4,6.67,0,1
144,53,53,6.44,8.44,0,1
144,56,57,5.11,6.67,0,1
144,48,49,8.67,10.22,0,1
144,56,57,3.56,6.67,1,2
144,53,53,4.22,8.44,0,1
144,49,49,8.22,10.22,0,1
145,46,49,5.78,10.22,0,1
145,52,53,6.89,8.44,0,1
145,54,57,4.67,6.67,0,1
145,52,53,4.44,8.44,0,1
145,50,53,4.89,8.44,0,1
145,48,49,5.33,10.22,0,1
145,50,53,6.44,8.44,0,1
145,57,57,3.33,6.67,0,1
145,46,49,8.22,10.22,0,1
145,49,49,5.11,10.22,0,1
145,57,57,4.67,6.67,0,1
145,54,57,4,6.67,0,1
145,53,53,6.44,8.44,0,1
145,56,57,5.11,6.67,0,1
145,48,49,8.67,10.22,0,1
145,56,57,3.56,6.67,0,1
145,53,53,4.22,8.44,0,1
145,49,49,8.22,10.22,0,1
146,54,57,4,6.67,0,1
146,48,49,8.67,10.22,1,2
146,46,49,5.78,10.22,0,1
146,57,57,3.33,6.67,0,1
146,54,57,4.67,6.67,1,2
146,56,57,5.11,6.67,1,2
146,52,53,6.89,8.44,1,2
146,53,53,6.44,8.44,0,1
146,50,53,4.89,8.44,0,1
146,56,57,3.56,6.67,0,1
146,53,53,4.22,8.44,0,1
146,49,49,5.11,10.22,0,1
146,50,53,6.44,8.44,1,2
146,49,49,8.22,10.22,0,1
146,57,57,4.67,6.67,0,1
146,46,49,8.22,10.22,1,2
146,52,53,4.44,8.44,0,1
146,48,49,5.33,10.22,0,1
147,54,57,4,6.67,0,1
147,48,49,8.67,10.22,0,1
147,46,49,5.78,10.22,0,1
147,57,57,3.33,6.67,0,1
147,54,57,4.67,6.67,0,1
147,56,57,5.11,6.67,0,1
147,52,53,6.89,8.44,0,1
147,53,53,6.44,8.44,0,1
147,50,53,4.89,8.44,1,2
147,56,57,3.56,6.67,1,2
147,53,53,4.22,8.44,1,2
147,49,49,5.11,10.22,1,2
147,50,53,6.44,8.44,1,2
147,49,49,8.22,10.22,1,2
147,57,57,4.67,6.67,1,2
147,46,49,8.22,10.22,1,2
147,52,53,4.44,8.44,1,2
147,48,49,5.33,10.22,1,2
148,56,57,3.56,6.67,0,1
148,49,49,8.22,10.22,1,2
148,49,49,5.11,10.22,0,1
148,48,49,5.33,10.22,0,1
148,48,49,8.67,10.22,0,1
148,46,49,8.22,10.22,1,2
148,50,53,6.44,8.44,1,2
148,53,53,4.22,8.44,0,1
148,57,57,3.33,6.67,0,1
148,46,49,5.78,10.22,0,1
148,52,53,6.89,8.44,0,1
148,53,53,6.44,8.44,0,1
148,50,53,4.89,8.44,0,1
148,56,57,5.11,6.67,0,1
148,54,57,4,6.67,0,1
148,52,53,4.44,8.44,0,1
148,54,57,4.67,6.67,1,2
148,57,57,4.67,6.67,0,1
149,54,57,4,6.67,0,1
149,48,49,8.67,10.22,0,1
149,46,49,5.78,10.22,0,1
149,57,57,3.33,6.67,0,1
149,54,57,4.67,6.67,0,1
149,56,57,5.11,6.67,0,1
149,52,53,6.89,8.44,0,1
149,53,53,6.44,8.44,0,1
149,50,53,4.89,8.44,0,1
149,56,57,3.56,6.67,0,1
149,53,53,4.22,8.44,0,1
149,49,49,5.11,10.22,0,1
149,50,53,6.44,8.44,0,1
149,49,49,8.22,10.22,0,1
149,57,57,4.67,6.67,0,1
149,46,49,8.22,10.22,0,1
149,52,53,4.44,8.44,0,1
149,48,49,5.33,10.22,0,1
150,54,57,4,6.67,0,1
150,48,49,8.67,10.22,1,2
150,46,49,5.78,10.22,1,2
150,57,57,3.33,6.67,0,1
150,54,57,4.67,6.67,1,2
150,56,57,5.11,6.67,0,1
150,52,53,6.89,8.44,1,2
150,53,53,6.44,8.44,0,1
150,50,53,4.89,8.44,1,2
150,56,57,3.56,6.67,0,1
150,53,53,4.22,8.44,0,1
150,49,49,5.11,10.22,0,1
150,50,53,6.44,8.44,1,2
150,49,49,8.22,10.22,0,1
150,57,57,4.67,6.67,0,1
150,46,49,8.22,10.22,1,2
150,52,53,4.44,8.44,0,1
150,48,49,5.33,10.22,0,1
151,54,57,4,6.67,0,1
151,48,49,8.67,10.22,0,1
151,46,49,5.78,10.22,0,1
151,57,57,3.33,6.67,0,1
151,54,57,4.67,6.67,0,1
151,56,57,5.11,6.67,0,1
151,52,53,6.89,8.44,0,1
151,53,53,6.44,8.44,0,1
151,50,53,4.89,8.44,1,2
151,56,57,3.56,6.67,0,1
151,53,53,4.22,8.44,0,1
151,49,49,5.11,10.22,0,1
151,50,53,6.44,8.44,1,2
151,49,49,8.22,10.22,0,1
151,57,57,4.67,6.67,0,1
151,46,49,8.22,10.22,1,2
151,52,53,4.44,8.44,1,2
151,48,49,5.33,10.22,1,2
152,54,57,4,6.67,0,1
152,48,49,8.67,10.22,1,2
152,46,49,5.78,10.22,0,1
152,57,57,3.33,6.67,0,1
152,54,57,4.67,6.67,1,2
152,56,57,5.11,6.67,1,2
152,52,53,6.89,8.44,1,2
152,53,53,6.44,8.44,1,2
152,50,53,4.89,8.44,0,1
152,56,57,3.56,6.67,0,1
152,53,53,4.22,8.44,0,1
152,49,49,5.11,10.22,0,1
152,50,53,6.44,8.44,1,2
152,49,49,8.22,10.22,1,2
152,57,57,4.67,6.67,1,2
152,46,49,8.22,10.22,1,2
152,52,53,4.44,8.44,0,1
152,48,49,5.33,10.22,0,1
153,54,57,4,6.67,0,1
153,48,49,8.67,10.22,0,1
153,46,49,5.78,10.22,0,1
153,57,57,3.33,6.67,0,1
153,54,57,4.67,6.67,0,1
153,56,57,5.11,6.67,0,1
153,52,53,6.89,8.44,0,1
153,53,53,6.44,8.44,0,1
153,50,53,4.89,8.44,0,1
153,56,57,3.56,6.67,0,1
153,53,53,4.22,8.44,1,2
153,49,49,5.11,10.22,1,2
153,50,53,6.44,8.44,0,1
153,49,49,8.22,10.22,0,1
153,57,57,4.67,6.67,1,2
153,46,49,8.22,10.22,1,2
153,52,53,4.44,8.44,1,2
153,48,49,5.33,10.22,1,2
154,54,57,4,6.67,0,1
154,48,49,8.67,10.22,0,1
154,46,49,5.78,10.22,1,2
154,57,57,3.33,6.67,0,1
154,54,57,4.67,6.67,1,2
154,56,57,5.11,6.67,1,2
154,52,53,6.89,8.44,0,1
154,53,53,6.44,8.44,0,1
154,50,53,4.89,8.44,1,2
154,56,57,3.56,6.67,1,2
154,53,53,4.22,8.44,0,1
154,49,49,5.11,10.22,0,1
154,50,53,6.44,8.44,1,2
154,49,49,8.22,10.22,0,1
154,57,57,4.67,6.67,1,2
154,46,49,8.22,10.22,1,2
154,52,53,4.44,8.44,1,2
154,48,49,5.33,10.22,0,1
155,54,57,4,6.67,0,1
155,48,49,8.67,10.22,1,2
155,46,49,5.78,10.22,1,2
155,57,57,3.33,6.67,0,1
155,54,57,4.67,6.67,0,1
155,56,57,5.11,6.67,0,1
155,52,53,6.89,8.44,0,1
155,53,53,6.44,8.44,0,1
155,50,53,4.89,8.44,0,1
155,56,57,3.56,6.67,0,1
155,53,53,4.22,8.44,0,1
155,49,49,5.11,10.22,0,1
155,50,53,6.44,8.44,0,1
155,49,49,8.22,10.22,0,1
155,57,57,4.67,6.67,0,1
155,46,49,8.22,10.22,0,1
155,52,53,4.44,8.44,1,2
155,48,49,5.33,10.22,0,1
156,54,57,4,6.67,0,1
156,48,49,8.67,10.22,1,2
156,46,49,5.78,10.22,0,1
156,57,57,3.33,6.67,0,1
156,54,57,4.67,6.67,0,1
156,56,57,5.11,6.67,0,1
156,52,53,6.89,8.44,0,1
156,53,53,6.44,8.44,1,2
156,50,53,4.89,8.44,1,2
156,56,57,3.56,6.67,1,2
156,53,53,4.22,8.44,0,1
156,49,49,5.11,10.22,0,1
156,50,53,6.44,8.44,1,2
156,49,49,8.22,10.22,0,1
156,57,57,4.67,6.67,0,1
156,46,49,8.22,10.22,1,2
156,52,53,4.44,8.44,0,1
156,48,49,5.33,10.22,0,1
157,54,57,4,6.67,0,1
157,48,49,8.67,10.22,1,2
157,46,49,5.78,10.22,0,1
157,57,57,3.33,6.67,0,1
157,54,57,4.67,6.67,1,2
157,56,57,5.11,6.67,1,2
157,52,53,6.89,8.44,1,2
157,53,53,6.44,8.44,0,1
157,50,53,4.89,8.44,0,1
157,56,57,3.56,6.67,0,1
157,53,53,4.22,8.44,0,1
157,49,49,5.11,10.22,0,1
157,50,53,6.44,8.44,1,2
157,49,49,8.22,10.22,0,1
157,57,57,4.67,6.67,0,1
157,46,49,8.22,10.22,0,1
157,52,53,4.44,8.44,0,1
157,48,49,5.33,10.22,0,1
204,54,57,4,6.67,0,1
204,48,49,8.67,10.22,1,2
204,46,49,5.78,10.22,0,1
204,57,57,3.33,6.67,0,1
204,54,57,4.67,6.67,0,1
204,56,57,5.11,6.67,1,2
204,52,53,6.89,8.44,1,2
204,53,53,6.44,8.44,0,1
204,50,53,4.89,8.44,0,1
204,56,57,3.56,6.67,0,1
204,53,53,4.22,8.44,0,1
204,49,49,5.11,10.22,0,1
204,50,53,6.44,8.44,1,2
204,49,49,8.22,10.22,0,1
204,57,57,4.67,6.67,0,1
204,46,49,8.22,10.22,1,2
204,52,53,4.44,8.44,0,1
204,48,49,5.33,10.22,0,1
205,54,57,4,6.67,0,1
205,48,49,8.67,10.22,1,2
205,46,49,5.78,10.22,0,1
205,57,57,3.33,6.67,0,1
205,54,57,4.67,6.67,0,1
205,56,57,5.11,6.67,0,1
205,52,53,6.89,8.44,0,1
205,53,53,6.44,8.44,0,1
205,50,53,4.89,8.44,1,2
205,56,57,3.56,6.67,0,1
205,53,53,4.22,8.44,0,1
205,49,49,5.11,10.22,0,1
205,50,53,6.44,8.44,1,2
205,49,49,8.22,10.22,0,1
205,57,57,4.67,6.67,0,1
205,46,49,8.22,10.22,1,2
205,52,53,4.44,8.44,0,1
205,48,49,5.33,10.22,0,1
206,54,57,4,6.67,0,1
206,48,49,8.67,10.22,0,1
206,46,49,5.78,10.22,1,2
206,57,57,3.33,6.67,1,2
206,54,57,4.67,6.67,0,1
206,56,57,5.11,6.67,0,1
206,52,53,6.89,8.44,0,1
206,53,53,6.44,8.44,0,1
206,50,53,4.89,8.44,0,1
206,56,57,3.56,6.67,0,1
206,53,53,4.22,8.44,0,1
206,49,49,5.11,10.22,0,1
206,50,53,6.44,8.44,0,1
206,49,49,8.22,10.22,0,1
206,57,57,4.67,6.67,0,1
206,46,49,8.22,10.22,0,1
206,52,53,4.44,8.44,0,1
206,48,49,5.33,10.22,0,1
207,54,57,4.67,6.67,0,1
207,48,49,8.67,10.22,0,1
207,54,57,4,6.67,0,1
207,53,53,4.22,8.44,0,1
207,57,57,3.33,6.67,1,2
207,56,57,5.11,6.67,0,1
207,57,57,4.67,6.67,0,1
207,53,53,6.44,8.44,0,1
207,52,53,6.89,8.44,0,1
207,46,49,8.22,10.22,0,1
207,48,49,5.33,10.22,0,1
207,52,53,4.44,8.44,0,1
207,50,53,6.44,8.44,1,2
207,49,49,5.11,10.22,0,1
207,46,49,5.78,10.22,0,1
207,49,49,8.22,10.22,0,1
207,56,57,3.56,6.67,0,1
207,50,53,4.89,8.44,0,1
208,54,57,4,6.67,0,1
208,48,49,8.67,10.22,0,1
208,46,49,5.78,10.22,0,1
208,57,57,3.33,6.67,1,2
208,54,57,4.67,6.67,1,2
208,56,57,5.11,6.67,1,2
208,52,53,6.89,8.44,0,1
208,53,53,6.44,8.44,0,1
208,50,53,4.89,8.44,0,1
208,56,57,3.56,6.67,1,2
208,53,53,4.22,8.44,0,1
208,49,49,5.11,10.22,0,1
208,50,53,6.44,8.44,0,1
208,49,49,8.22,10.22,0,1
208,57,57,4.67,6.67,0,1
208,46,49,8.22,10.22,1,2
208,52,53,4.44,8.44,1,2
208,48,49,5.33,10.22,0,1
209,54,57,4,6.67,0,1
209,52,53,6.89,8.44,0,1
209,56,57,5.11,6.67,0,1
209,53,53,4.22,8.44,0,1
209,57,57,3.33,6.67,0,1
209,49,49,5.11,10.22,0,1
209,56,57,3.56,6.67,0,1
209,53,53,6.44,8.44,0,1
209,49,49,8.22,10.22,0,1
209,50,53,4.89,8.44,0,1
209,54,57,4.67,6.67,0,1
209,46,49,8.22,10.22,0,1
209,48,49,5.33,10.22,0,1
209,50,53,6.44,8.44,0,1
209,52,53,4.44,8.44,1,2
209,57,57,4.67,6.67,0,1
209,46,49,5.78,10.22,1,2
209,48,49,8.67,10.22,0,1
210,54,57,4,6.67,0,1
210,48,49,8.67,10.22,0,1
210,46,49,5.78,10.22,0,1
210,57,57,3.33,6.67,0,1
210,54,57,4.67,6.67,0,1
210,56,57,5.11,6.67,0,1
210,52,53,6.89,8.44,0,1
210,53,53,6.44,8.44,0,1
210,50,53,4.89,8.44,0,1
210,56,57,3.56,6.67,0,1
210,53,53,4.22,8.44,0,1
210,49,49,5.11,10.22,0,1
210,50,53,6.44,8.44,0,1
210,49,49,8.22,10.22,0,1
210,57,57,4.67,6.67,0,1
210,46,49,8.22,10.22,0,1
210,52,53,4.44,8.44,0,1
210,48,49,5.33,10.22,0,1
211,54,57,4,6.67,0,1
211,48,49,8.67,10.22,1,2
211,46,49,5.78,10.22,0,1
211,57,57,3.33,6.67,0,1
211,54,57,4.67,6.67,0,1
211,56,57,5.11,6.67,1,2
211,52,53,6.89,8.44,1,2
211,53,53,6.44,8.44,0,1
211,50,53,4.89,8.44,0,1
211,56,57,3.56,6.67,0,1
211,53,53,4.22,8.44,0,1
211,49,49,5.11,10.22,0,1
211,50,53,6.44,8.44,0,1
211,49,49,8.22,10.22,0,1
211,57,57,4.67,6.67,0,1
211,46,49,8.22,10.22,1,2
211,52,53,4.44,8.44,0,1
211,48,49,5.33,10.22,0,1
212,54,57,4,6.67,0,1
212,48,49,8.67,10.22,0,1
212,46,49,5.78,10.22,0,1
212,57,57,3.33,6.67,0,1
212,54,57,4.67,6.67,0,1
212,56,57,5.11,6.67,0,1
212,52,53,6.89,8.44,0,1
212,53,53,6.44,8.44,0,1
212,50,53,4.89,8.44,0,1
212,56,57,3.56,6.67,0,1
212,53,53,4.22,8.44,0,1
212,49,49,5.11,10.22,0,1
212,50,53,6.44,8.44,0,1
212,49,49,8.22,10.22,0,1
212,57,57,4.67,6.67,0,1
212,46,49,8.22,10.22,0,1
212,52,53,4.44,8.44,0,1
212,48,49,5.33,10.22,0,1
213,56,57,5.11,6.67,0,1
213,54,57,4,6.67,0,1
213,50,53,4.89,8.44,0,1
213,56,57,3.56,6.67,0,1
213,46,49,5.78,10.22,0,1
213,53,53,4.22,8.44,0,1
213,52,53,4.44,8.44,0,1
213,57,57,4.67,6.67,0,1
213,48,49,5.33,10.22,0,1
213,53,53,6.44,8.44,0,1
213,49,49,8.22,10.22,0,1
213,54,57,4.67,6.67,0,1
213,57,57,3.33,6.67,0,1
213,46,49,8.22,10.22,0,1
213,49,49,5.11,10.22,0,1
213,48,49,8.67,10.22,0,1
213,52,53,6.89,8.44,0,1
213,50,53,6.44,8.44,0,1
214,54,57,4,6.67,0,1
214,48,49,8.67,10.22,1,2
214,46,49,5.78,10.22,0,1
214,57,57,3.33,6.67,0,1
214,54,57,4.67,6.67,1,2
214,56,57,5.11,6.67,0,1
214,52,53,6.89,8.44,1,2
214,53,53,6.44,8.44,0,1
214,50,53,4.89,8.44,0,1
214,56,57,3.56,6.67,0,1
214,53,53,4.22,8.44,1,2
214,49,49,5.11,10.22,0,1
214,50,53,6.44,8.44,0,1
214,49,49,8.22,10.22,0,1
214,57,57,4.67,6.67,1,2
214,46,49,8.22,10.22,1,2
214,52,53,4.44,8.44,1,2
214,48,49,5.33,10.22,0,1
215,56,57,5.11,6.67,0,1
215,54,57,4,6.67,0,1
215,50,53,4.89,8.44,0,1
215,56,57,3.56,6.67,0,1
215,46,49,5.78,10.22,0,1
215,53,53,4.22,8.44,0,1
215,52,53,4.44,8.44,0,1
215,57,57,4.67,6.67,0,1
215,48,49,5.33,10.22,0,1
215,53,53,6.44,8.44,1,2
215,49,49,8.22,10.22,1,2
215,54,57,4.67,6.67,0,1
215,57,57,3.33,6.67,0,1
215,46,49,8.22,10.22,1,2
215,49,49,5.11,10.22,0,1
215,48,49,8.67,10.22,1,2
215,52,53,6.89,8.44,1,2
215,50,53,6.44,8.44,1,2
216,54,57,4,6.67,1,2
216,48,49,8.67,10.22,0,1
216,46,49,5.78,10.22,1,2
216,57,57,3.33,6.67,0,1
216,54,57,4.67,6.67,1,2
216,56,57,5.11,6.67,1,2
216,52,53,6.89,8.44,1,2
216,53,53,6.44,8.44,1,2
216,50,53,4.89,8.44,1,2
216,56,57,3.56,6.67,1,2
216,53,53,4.22,8.44,1,2
216,49,49,5.11,10.22,0,1
216,50,53,6.44,8.44,1,2
216,49,49,8.22,10.22,1,2
216,57,57,4.67,6.67,1,2
216,46,49,8.22,10.22,1,2
216,52,53,4.44,8.44,1,2
216,48,49,5.33,10.22,1,2
217,50,53,6.44,8.44,0,1
217,52,53,4.44,8.44,0,1
217,57,57,3.33,6.67,0,1
217,54,57,4.67,6.67,0,1
217,57,57,4.67,6.67,0,1
217,53,53,6.44,8.44,0,1
217,46,49,8.22,10.22,0,1
217,52,53,6.89,8.44,0,1
217,56,57,5.11,6.67,1,2
217,48,49,5.33,10.22,0,1
217,50,53,4.89,8.44,0,1
217,48,49,8.67,10.22,0,1
217,46,49,5.78,10.22,0,1
217,54,57,4,6.67,0,1
217,53,53,4.22,8.44,0,1
217,49,49,5.11,10.22,0,1
217,56,57,3.56,6.67,0,1
217,49,49,8.22,10.22,0,1
218,54,57,4,6.67,0,1
218,48,49,8.67,10.22,1,2
218,46,49,5.78,10.22,0,1
218,57,57,3.33,6.67,0,1
218,54,57,4.67,6.67,1,2
218,56,57,5.11,6.67,0,1
218,52,53,6.89,8.44,1,2
218,53,53,6.44,8.44,1,2
218,50,53,4.89,8.44,0,1
218,56,57,3.56,6.67,0,1
218,53,53,4.22,8.44,0,1
218,49,49,5.11,10.22,0,1
218,50,53,6.44,8.44,0,1
218,49,49,8.22,10.22,1,2
218,57,57,4.67,6.67,0,1
218,46,49,8.22,10.22,1,2
218,52,53,4.44,8.44,0,1
218,48,49,5.33,10.22,0,1
219,54,57,4,6.67,0,1
219,48,49,8.67,10.22,1,2
219,46,49,5.78,10.22,1,2
219,57,57,3.33,6.67,0,1
219,54,57,4.67,6.67,1,2
219,56,57,5.11,6.67,0,1
219,52,53,6.89,8.44,1,2
219,53,53,6.44,8.44,0,1
219,50,53,4.89,8.44,0,1
219,56,57,3.56,6.67,0,1
219,53,53,4.22,8.44,0,1
219,49,49,5.11,10.22,0,1
219,50,53,6.44,8.44,0,1
219,49,49,8.22,10.22,1,2
219,57,57,4.67,6.67,0,1
219,46,49,8.22,10.22,1,2
219,52,53,4.44,8.44,0,1
219,48,49,5.33,10.22,0,1
220,54,57,4,6.67,0,1
220,48,49,8.67,10.22,1,2
220,46,49,5.78,10.22,1,2
220,57,57,3.33,6.67,0,1
220,54,57,4.67,6.67,1,2
220,56,57,5.11,6.67,1,2
220,52,53,6.89,8.44,1,2
220,53,53,6.44,8.44,0,1
220,50,53,4.89,8.44,1,2
220,56,57,3.56,6.67,0,1
220,53,53,4.22,8.44,0,1
220,49,49,5.11,10.22,0,1
220,50,53,6.44,8.44,1,2
220,49,49,8.22,10.22,0,1
220,57,57,4.67,6.67,0,1
220,46,49,8.22,10.22,1,2
220,52,53,4.44,8.44,0,1
220,48,49,5.33,10.22,0,1
221,54,57,4,6.67,0,1
221,48,49,8.67,10.22,0,1
221,46,49,5.78,10.22,0,1
221,57,57,3.33,6.67,0,1
221,54,57,4.67,6.67,0,1
221,56,57,5.11,6.67,0,1
221,52,53,6.89,8.44,0,1
221,53,53,6.44,8.44,0,1
221,50,53,4.89,8.44,0,1
221,56,57,3.56,6.67,0,1
221,53,53,4.22,8.44,0,1
221,49,49,5.11,10.22,0,1
221,50,53,6.44,8.44,0,1
221,49,49,8.22,10.22,0,1
221,57,57,4.67,6.67,0,1
221,46,49,8.22,10.22,0,1
221,52,53,4.44,8.44,0,1
221,48,49,5.33,10.22,0,1
222,46,49,5.78,10.22,0,1
222,52,53,6.89,8.44,0,1
222,54,57,4.67,6.67,0,1
222,52,53,4.44,8.44,0,1
222,50,53,4.89,8.44,0,1
222,48,49,5.33,10.22,0,1
222,50,53,6.44,8.44,0,1
222,57,57,3.33,6.67,0,1
222,46,49,8.22,10.22,1,2
222,49,49,5.11,10.22,0,1
222,57,57,4.67,6.67,0,1
222,54,57,4,6.67,0,1
222,53,53,6.44,8.44,0,1
222,56,57,5.11,6.67,0,1
222,48,49,8.67,10.22,1,2
222,56,57,3.56,6.67,0,1
222,53,53,4.22,8.44,0,1
222,49,49,8.22,10.22,0,1
223,46,49,5.78,10.22,1,2
223,52,53,6.89,8.44,1,2
223,54,57,4.67,6.67,1,2
223,52,53,4.44,8.44,1,2
223,50,53,4.89,8.44,1,2
223,48,49,5.33,10.22,0,1
223,50,53,6.44,8.44,1,2
223,57,57,3.33,6.67,1,2
223,46,49,8.22,10.22,1,2
223,49,49,5.11,10.22,0,1
223,57,57,4.67,6.67,0,1
223,54,57,4,6.67,0,1
223,53,53,6.44,8.44,0,1
223,56,57,5.11,6.67,0,1
223,48,49,8.67,10.22,1,2
223,56,57,3.56,6.67,0,1
223,53,53,4.22,8.44,0,1
223,49,49,8.22,10.22,0,1
224,48,49,5.33,10.22,0,1
224,50,53,4.89,8.44,0,1
224,52,53,6.89,8.44,0,1
224,52,53,4.44,8.44,1,2
224,53,53,4.22,8.44,0,1
224,53,53,6.44,8.44,0,1
224,56,57,3.56,6.67,0,1
224,56,57,5.11,6.67,0,1
224,49,49,8.22,10.22,0,1
224,49,49,5.11,10.22,0,1
224,57,57,3.33,6.67,0,1
224,54,57,4,6.67,0,1
224,54,57,4.67,6.67,0,1
224,57,57,4.67,6.67,0,1
224,48,49,8.67,10.22,0,1
224,46,49,8.22,10.22,1,2
224,50,53,6.44,8.44,0,1
224,46,49,5.78,10.22,0,1
225,54,57,4,6.67,0,1
225,48,49,8.67,10.22,1,2
225,46,49,5.78,10.22,0,1
225,57,57,3.33,6.67,0,1
225,54,57,4.67,6.67,1,2
225,56,57,5.11,6.67,0,1
225,52,53,6.89,8.44,0,1
225,53,53,6.44,8.44,0,1
225,50,53,4.89,8.44,0,1
225,56,57,3.56,6.67,0,1
225,53,53,4.22,8.44,0,1
225,49,49,5.11,10.22,0,1
225,50,53,6.44,8.44,0,1
225,49,49,8.22,10.22,0,1
225,57,57,4.67,6.67,0,1
225,46,49,8.22,10.22,0,1
225,52,53,4.44,8.44,0,1
225,48,49,5.33,10.22,0,1
226,54,57,4,6.67,0,1
226,48,49,8.67,10.22,0,1
226,46,49,5.78,10.22,0,1
226,57,57,3.33,6.67,0,1
226,54,57,4.67,6.67,0,1
226,56,57,5.11,6.67,1,2
226,52,53,6.89,8.44,0,1
226,53,53,6.44,8.44,0,1
226,50,53,4.89,8.44,0,1
226,56,57,3.56,6.67,0,1
226,53,53,4.22,8.44,0,1
226,49,49,5.11,10.22,0,1
226,50,53,6.44,8.44,0,1
226,49,49,8.22,10.22,0,1
226,57,57,4.67,6.67,0,1
226,46,49,8.22,10.22,0,1
226,52,53,4.44,8.44,0,1
226,48,49,5.33,10.22,0,1
227,54,57,4,6.67,0,1
227,48,49,8.67,10.22,1,2
227,46,49,5.78,10.22,1,2
227,57,57,3.33,6.67,1,2
227,54,57,4.67,6.67,1,2
227,56,57,5.11,6.67,0,1
227,52,53,6.89,8.44,0,1
227,53,53,6.44,8.44,0,1
227,50,53,4.89,8.44,0,1
227,56,57,3.56,6.67,0,1
227,53,53,4.22,8.44,1,2
227,49,49,5.11,10.22,1,2
227,50,53,6.44,8.44,1,2
227,49,49,8.22,10.22,0,1
227,57,57,4.67,6.67,0,1
227,46,49,8.22,10.22,0,1
227,52,53,4.44,8.44,0,1
227,48,49,5.33,10.22,0,1
228,53,53,4.22,8.44,0,1
228,54,57,4.67,6.67,0,1
228,49,49,5.11,10.22,0,1
228,57,57,4.67,6.67,0,1
228,48,49,5.33,10.22,0,1
228,54,57,4,6.67,0,1
228,48,49,8.67,10.22,0,1
228,52,53,4.44,8.44,1,2
228,52,53,6.89,8.44,0,1
228,56,57,5.11,6.67,0,1
228,49,49,8.22,10.22,0,1
228,46,49,8.22,10.22,0,1
228,57,57,3.33,6.67,0,1
228,50,53,4.89,8.44,1,2
228,56,57,3.56,6.67,0,1
228,53,53,6.44,8.44,0,1
228,50,53,6.44,8.44,0,1
228,46,49,5.78,10.22,0,1
229,54,57,4,6.67,0,1
229,48,49,8.67,10.22,1,2
229,46,49,5.78,10.22,0,1
229,57,57,3.33,6.67,0,1
229,54,57,4.67,6.67,0,1
229,56,57,5.11,6.67,1,2
229,52,53,6.89,8.44,1,2
229,53,53,6.44,8.44,0,1
229,50,53,4.89,8.44,0,1
229,56,57,3.56,6.67,0,1
229,53,53,4.22,8.44,0,1
229,49,49,5.11,10.22,0,1
229,50,53,6.44,8.44,1,2
229,49,49,8.22,10.22,0,1
229,57,57,4.67,6.67,0,1
229,46,49,8.22,10.22,1,2
229,52,53,4.44,8.44,1,2
229,48,49,5.33,10.22,1,2
230,54,57,4,6.67,1,2
230,48,49,8.67,10.22,1,2
230,46,49,5.78,10.22,1,2
230,57,57,3.33,6.67,0,1
230,54,57,4.67,6.67,0,1
230,56,57,5.11,6.67,0,1
230,52,53,6.89,8.44,0,1
230,53,53,6.44,8.44,0,1
230,50,53,4.89,8.44,0,1
230,56,57,3.56,6.67,0,1
230,53,53,4.22,8.44,0,1
230,49,49,5.11,10.22,0,1
230,50,53,6.44,8.44,0,1
230,49,49,8.22,10.22,0,1
230,57,57,4.67,6.67,0,1
230,46,49,8.22,10.22,0,1
230,52,53,4.44,8.44,0,1
230,48,49,5.33,10.22,0,1
231,54,57,4,6.67,0,1
231,48,49,8.67,10.22,1,2
231,46,49,5.78,10.22,1,2
231,57,57,3.33,6.67,0,1
231,54,57,4.67,6.67,0,1
231,56,57,5.11,6.67,0,1
231,52,53,6.89,8.44,0,1
231,53,53,6.44,8.44,0,1
231,50,53,4.89,8.44,1,2
231,56,57,3.56,6.67,0,1
231,53,53,4.22,8.44,0,1
231,49,49,5.11,10.22,0,1
231,50,53,6.44,8.44,1,2
231,49,49,8.22,10.22,0,1
231,57,57,4.67,6.67,0,1
231,46,49,8.22,10.22,1,2
231,52,53,4.44,8.44,0,1
231,48,49,5.33,10.22,0,1
232,53,53,4.22,8.44,0,1
232,54,57,4.67,6.67,0,1
232,49,49,5.11,10.22,1,2
232,57,57,4.67,6.67,0,1
232,48,49,5.33,10.22,0,1
232,54,57,4,6.67,1,2
232,48,49,8.67,10.22,0,1
232,52,53,4.44,8.44,0,1
232,52,53,6.89,8.44,0,1
232,56,57,5.11,6.67,0,1
232,49,49,8.22,10.22,0,1
232,46,49,8.22,10.22,0,1
232,57,57,3.33,6.67,0,1
232,50,53,4.89,8.44,0,1
232,56,57,3.56,6.67,0,1
232,53,53,6.44,8.44,0,1
232,50,53,6.44,8.44,0,1
232,46,49,5.78,10.22,0,1
233,54,57,4,6.67,0,1
233,48,49,8.67,10.22,0,1
233,46,49,5.78,10.22,0,1
233,57,57,3.33,6.67,0,1
233,54,57,4.67,6.67,0,1
233,56,57,5.11,6.67,0,1
233,52,53,6.89,8.44,0,1
233,53,53,6.44,8.44,0,1
233,50,53,4.89,8.44,0,1
233,56,57,3.56,6.67,0,1
233,53,53,4.22,8.44,0,1
233,49,49,5.11,10.22,0,1
233,50,53,6.44,8.44,0,1
233,49,49,8.22,10.22,0,1
233,57,57,4.67,6.67,0,1
233,46,49,8.22,10.22,0,1
233,52,53,4.44,8.44,0,1
233,48,49,5.33,10.22,0,1
234,54,57,4,6.67,0,1
234,48,49,8.67,10.22,0,1
234,46,49,5.78,10.22,0,1
234,57,57,3.33,6.67,0,1
234,54,57,4.67,6.67,1,2
234,56,57,5.11,6.67,1,2
234,52,53,6.89,8.44,0,1
234,53,53,6.44,8.44,0,1
234,50,53,4.89,8.44,0,1
234,56,57,3.56,6.67,0,1
234,53,53,4.22,8.44,0,1
234,49,49,5.11,10.22,0,1
234,50,53,6.44,8.44,0,1
234,49,49,8.22,10.22,0,1
234,57,57,4.67,6.67,0,1
234,46,49,8.22,10.22,0,1
234,52,53,4.44,8.44,0,1
234,48,49,5.33,10.22,0,1
235,54,57,4.67,6.67,0,1
235,53,53,4.22,8.44,0,1
235,49,49,8.22,10.22,0,1
235,46,49,5.78,10.22,0,1
235,53,53,6.44,8.44,0,1
235,52,53,4.44,8.44,0,1
235,54,57,4,6.67,0,1
235,57,57,3.33,6.67,0,1
235,56,57,5.11,6.67,1,2
235,50,53,4.89,8.44,1,2
235,48,49,8.67,10.22,0,1
235,49,49,5.11,10.22,1,2
235,56,57,3.56,6.67,0,1
235,50,53,6.44,8.44,1,2
235,57,57,4.67,6.67,0,1
235,46,49,8.22,10.22,1,2
235,48,49,5.33,10.22,0,1
235,52,53,6.89,8.44,0,1
236,49,49,5.11,10.22,1,2
236,53,53,4.22,8.44,0,1
236,56,57,3.56,6.67,0,1
236,48,49,8.67,10.22,1,2
236,50,53,4.89,8.44,0,1
236,52,53,6.89,8.44,1,2
236,46,49,8.22,10.22,1,2
236,56,57,5.11,6.67,1,2
236,49,49,8.22,10.22,1,2
236,57,57,3.33,6.67,0,1
236,53,53,6.44,8.44,0,1
236,46,49,5.78,10.22,0,1
236,57,57,4.67,6.67,0,1
236,48,49,5.33,10.22,0,1
236,54,57,4,6.67,1,2
236,52,53,4.44,8.44,0,1
236,50,53,6.44,8.44,1,2
236,54,57,4.67,6.67,0,1
237,53,53,4.22,8.44,0,1
237,54,57,4.67,6.67,1,2
237,49,49,5.11,10.22,1,2
237,57,57,4.67,6.67,0,1
237,48,49,5.33,10.22,1,2
237,54,57,4,6.67,1,2
237,48,49,8.67,10.22,0,1
237,52,53,4.44,8.44,1,2
237,52,53,6.89,8.44,1,2
237,56,57,5.11,6.67,0,1
237,49,49,8.22,10.22,0,1
237,46,49,8.22,10.22,0,1
237,57,57,3.33,6.67,0,1
237,50,53,4.89,8.44,0,1
237,56,57,3.56,6.67,0,1
237,53,53,6.44,8.44,0,1
237,50,53,6.44,8.44,1,2
237,46,49,5.78,10.22,1,2
238,54,57,4,6.67,0,1
238,48,49,8.67,10.22,1,2
238,46,49,5.78,10.22,0,1
238,57,57,3.33,6.67,0,1
238,54,57,4.67,6.67,1,2
238,56,57,5.11,6.67,1,2
238,52,53,6.89,8.44,1,2
238,53,53,6.44,8.44,0,1
238,50,53,4.89,8.44,0,1
238,56,57,3.56,6.67,0,1
238,53,53,4.22,8.44,0,1
238,49,49,5.11,10.22,0,1
238,50,53,6.44,8.44,1,2
238,49,49,8.22,10.22,1,2
238,57,57,4.67,6.67,1,2
238,46,49,8.22,10.22,1,2
238,52,53,4.44,8.44,1,2
238,48,49,5.33,10.22,0,1
239,48,49,5.33,10.22,0,1
239,50,53,4.89,8.44,0,1
239,52,53,6.89,8.44,0,1
239,52,53,4.44,8.44,1,2
239,53,53,4.22,8.44,0,1
239,53,53,6.44,8.44,0,1
239,56,57,3.56,6.67,0,1
239,56,57,5.11,6.67,0,1
239,49,49,8.22,10.22,0,1
239,49,49,5.11,10.22,0,1
239,57,57,3.33,6.67,0,1
239,54,57,4,6.67,0,1
239,54,57,4.67,6.67,0,1
239,57,57,4.67,6.67,0,1
239,48,49,8.67,10.22,0,1
239,46,49,8.22,10.22,0,1
239,50,53,6.44,8.44,0,1
239,46,49,5.78,10.22,0,1
240,54,57,4,6.67,0,1
240,48,49,8.67,10.22,1,2
240,46,49,5.78,10.22,0,1
240,57,57,3.33,6.67,1,2
240,54,57,4.67,6.67,1,2
240,56,57,5.11,6.67,0,1
240,52,53,6.89,8.44,0,1
240,53,53,6.44,8.44,0,1
240,50,53,4.89,8.44,0,1
240,56,57,3.56,6.67,0,1
240,53,53,4.22,8.44,0,1
240,49,49,5.11,10.22,0,1
240,50,53,6.44,8.44,0,1
240,49,49,8.22,10.22,0,1
240,57,57,4.67,6.67,0,1
240,46,49,8.22,10.22,0,1
240,52,53,4.44,8.44,0,1
240,48,49,5.33,10.22,0,1
241,53,53,4.22,8.44,0,1
241,54,57,4.67,6.67,1,2
241,49,49,5.11,10.22,0,1
241,57,57,4.67,6.67,1,2
241,48,49,5.33,10.22,0,1
241,54,57,4,6.67,0,1
241,48,49,8.67,10.22,1,2
241,52,53,4.44,8.44,0,1
241,52,53,6.89,8.44,1,2
241,56,57,5.11,6.67,1,2
241,49,49,8.22,10.22,1,2
241,46,49,8.22,10.22,1,2
241,57,57,3.33,6.67,0,1
241,50,53,4.89,8.44,0,1
241,56,57,3.56,6.67,0,1
241,53,53,6.44,8.44,0,1
241,50,53,6.44,8.44,1,2
241,46,49,5.78,10.22,0,1
242,54,57,4,6.67,0,1
242,48,49,8.67,10.22,0,1
242,46,49,5.78,10.22,0,1
242,57,57,3.33,6.67,0,1
242,54,57,4.67,6.67,1,2
242,56,57,5.11,6.67,1,2
242,52,53,6.89,8.44,1,2
242,53,53,6.44,8.44,1,2
242,50,53,4.89,8.44,1,2
242,56,57,3.56,6.67,0,1
242,53,53,4.22,8.44,0,1
242,49,49,5.11,10.22,0,1
242,50,53,6.44,8.44,1,2
242,49,49,8.22,10.22,1,2
242,57,57,4.67,6.67,1,2
242,46,49,8.22,10.22,1,2
242,52,53,4.44,8.44,1,2
242,48,49,5.33,10.22,0,1
243,54,57,4,6.67,0,1
243,48,49,8.67,10.22,1,2
243,46,49,5.78,10.22,0,1
243,57,57,3.33,6.67,0,1
243,54,57,4.67,6.67,0,1
243,56,57,5.11,6.67,0,1
243,52,53,6.89,8.44,0,1
243,53,53,6.44,8.44,0,1
243,50,53,4.89,8.44,1,2
243,56,57,3.56,6.67,0,1
243,53,53,4.22,8.44,0,1
243,49,49,5.11,10.22,0,1
243,50,53,6.44,8.44,0,1
243,49,49,8.22,10.22,0,1
243,57,57,4.67,6.67,0,1
243,46,49,8.22,10.22,1,2
243,52,53,4.44,8.44,0,1
243,48,49,5.33,10.22,0,1
244,56,57,3.56,6.67,0,1
244,49,49,8.22,10.22,1,2
244,49,49,5.11,10.22,0,1
244,48,49,5.33,10.22,0,1
244,48,49,8.67,10.22,1,2
244,46,49,8.22,10.22,0,1
244,50,53,6.44,8.44,0,1
244,53,53,4.22,8.44,0,1
244,57,57,3.33,6.67,0,1
244,46,49,5.78,10.22,0,1
244,52,53,6.89,8.44,1,2
244,53,53,6.44,8.44,0,1
244,50,53,4.89,8.44,0,1
244,56,57,5.11,6.67,0,1
244,54,57,4,6.67,0,1
244,52,53,4.44,8.44,0,1
244,54,57,4.67,6.67,1,2
244,57,57,4.67,6.67,1,2
245,54,57,4,6.67,0,1
245,48,49,8.67,10.22,1,2
245,46,49,5.78,10.22,0,1
245,57,57,3.33,6.67,0,1
245,54,57,4.67,6.67,0,1
245,56,57,5.11,6.67,0,1
245,52,53,6.89,8.44,1,2
245,53,53,6.44,8.44,0,1
245,50,53,4.89,8.44,0,1
245,56,57,3.56,6.67,0,1
245,53,53,4.22,8.44,0,1
245,49,49,5.11,10.22,0,1
245,50,53,6.44,8.44,1,2
245,49,49,8.22,10.22,0,1
245,57,57,4.67,6.67,0,1
245,46,49,8.22,10.22,1,2
245,52,53,4.44,8.44,0,1
245,48,49,5.33,10.22,0,1
246,53,53,4.22,8.44,0,1
246,54,57,4.67,6.67,1,2
246,49,49,5.11,10.22,0,1
246,57,57,4.67,6.67,0,1
246,48,49,5.33,10.22,1,2
246,54,57,4,6.67,1,2
246,48,49,8.67,10.22,1,2
246,52,53,4.44,8.44,0,1
246,52,53,6.89,8.44,0,1
246,56,57,5.11,6.67,0,1
246,49,49,8.22,10.22,0,1
246,46,49,8.22,10.22,0,1
246,57,57,3.33,6.67,1,2
246,50,53,4.89,8.44,0,1
246,56,57,3.56,6.67,0,1
246,53,53,6.44,8.44,0,1
246,50,53,6.44,8.44,1,2
246,46,49,5.78,10.22,0,1
247,54,57,4.67,6.67,0,1
247,48,49,8.67,10.22,1,2
247,54,57,4,6.67,0,1
247,53,53,4.22,8.44,0,1
247,57,57,3.33,6.67,0,1
247,56,57,5.11,6.67,0,1
247,57,57,4.67,6.67,1,2
247,53,53,6.44,8.44,0,1
247,52,53,6.89,8.44,1,2
247,46,49,8.22,10.22,1,2
247,48,49,5.33,10.22,0,1
247,52,53,4.44,8.44,0,1
247,50,53,6.44,8.44,1,2
247,49,49,5.11,10.22,1,2
247,46,49,5.78,10.22,1,2
247,49,49,8.22,10.22,0,1
247,56,57,3.56,6.67,0,1
247,50,53,4.89,8.44,1,2
248,53,53,4.22,8.44,0,1
248,56,57,3.56,6.67,0,1
248,49,49,8.22,10.22,0,1
248,49,49,5.11,10.22,0,1
248,50,53,4.89,8.44,1,2
248,46,49,5.78,10.22,0,1
248,56,57,5.11,6.67,1,2
248,48,49,8.67,10.22,0,1
248,48,49,5.33,10.22,0,1
248,52,53,6.89,8.44,0,1
248,57,57,3.33,6.67,0,1
248,50,53,6.44,8.44,1,2
248,57,57,4.67,6.67,1,2
248,54,57,4.67,6.67,1,2
248,52,53,4.44,8.44,0,1
248,53,53,6.44,8.44,0,1
248,46,49,8.22,10.22,1,2
248,54,57,4,6.67,1,2
249,54,57,4,6.67,0,1
249,48,49,8.67,10.22,1,2
249,46,49,5.78,10.22,0,1
249,57,57,3.33,6.67,0,1
249,54,57,4.67,6.67,1,2
249,56,57,5.11,6.67,0,1
249,52,53,6.89,8.44,0,1
249,53,53,6.44,8.44,0,1
249,50,53,4.89,8.44,1,2
249,56,57,3.56,6.67,0,1
249,53,53,4.22,8.44,1,2
249,49,49,5.11,10.22,1,2
249,50,53,6.44,8.44,0,1
249,49,49,8.22,10.22,0,1
249,57,57,4.67,6.67,0,1
249,46,49,8.22,10.22,1,2
249,52,53,4.44,8.44,0,1
249,48,49,5.33,10.22,0,1
250,50,53,6.44,8.44,0,1
250,49,49,8.22,10.22,0,1
250,54,57,4,6.67,1,2
250,53,53,6.44,8.44,0,1
250,46,49,8.22,10.22,1,2
250,57,57,3.33,6.67,0,1
250,49,49,5.11,10.22,0,1
250,50,53,4.89,8.44,0,1
250,48,49,8.67,10.22,0,1
250,46,49,5.78,10.22,0,1
250,52,53,4.44,8.44,0,1
250,56,57,5.11,6.67,1,2
250,53,53,4.22,8.44,0,1
250,52,53,6.89,8.44,0,1
250,54,57,4.67,6.67,0,1
250,57,57,4.67,6.67,0,1
250,56,57,3.56,6.67,0,1
250,48,49,5.33,10.22,0,1
251,53,53,4.22,8.44,0,1
251,54,57,4.67,6.67,0,1
251,49,49,5.11,10.22,0,1
251,57,57,4.67,6.67,0,1
251,48,49,5.33,10.22,0,1
251,54,57,4,6.67,0,1
251,48,49,8.67,10.22,0,1
251,52,53,4.44,8.44,0,1
251,52,53,6.89,8.44,0,1
251,56,57,5.11,6.67,0,1
251,49,49,8.22,10.22,0,1
251,46,49,8.22,10.22,1,2
251,57,57,3.33,6.67,0,1
251,50,53,4.89,8.44,0,1
251,56,57,3.56,6.67,0,1
251,53,53,6.44,8.44,0,1
251,50,53,6.44,8.44,1,2
251,46,49,5.78,10.22,0,1
252,54,57,4,6.67,0,1
252,48,49,8.67,10.22,0,1
252,46,49,5.78,10.22,1,2
252,57,57,3.33,6.67,0,1
252,54,57,4.67,6.67,0,1
252,56,57,5.11,6.67,0,1
252,52,53,6.89,8.44,0,1
252,53,53,6.44,8.44,0,1
252,50,53,4.89,8.44,0,1
252,56,57,3.56,6.67,0,1
252,53,53,4.22,8.44,0,1
252,49,49,5.11,10.22,0,1
252,50,53,6.44,8.44,0,1
252,49,49,8.22,10.22,0,1
252,57,57,4.67,6.67,0,1
252,46,49,8.22,10.22,1,2
252,52,53,4.44,8.44,0,1
252,48,49,5.33,10.22,0,1
259,53,53,4.22,8.44,0,1
259,54,57,4.67,6.67,1,2
259,49,49,5.11,10.22,0,1
259,57,57,4.67,6.67,0,1
259,48,49,5.33,10.22,0,1
259,54,57,4,6.67,0,1
259,48,49,8.67,10.22,0,1
259,52,53,4.44,8.44,0,1
259,52,53,6.89,8.44,0,1
259,56,57,5.11,6.67,0,1
259,49,49,8.22,10.22,0,1
259,46,49,8.22,10.22,0,1
259,57,57,3.33,6.67,0,1
259,50,53,4.89,8.44,0,1
259,56,57,3.56,6.67,0,1
259,53,53,6.44,8.44,0,1
259,50,53,6.44,8.44,0,1
259,46,49,5.78,10.22,0,1
